ds,yhat,yhat_lower,yhat_upper
2014-01-01,78.41596208320898,-0.6206006824013817,157.3930744151257
2014-01-02,63.34484175462728,-14.366943504535888,145.47774603297015
2014-01-03,71.39903026173573,-6.084144461474531,148.29029025059495
2014-01-04,115.42349610252992,38.99274915712724,194.48486742474995
2014-01-05,71.72883197178307,-7.479183701114749,156.69042040836865
2014-01-06,46.28886082325306,-33.69745717135855,123.85064435335605
2014-01-07,42.02173625333372,-39.516718882562024,119.68056976716156
2014-01-08,60.297031338999,-22.90459138050894,139.1855300199014
2014-01-09,49.77264218194592,-25.894692792086154,128.80435833058033
2014-01-10,62.794060443819895,-13.964532868713755,150.3361049676626
2014-01-11,112.09380164257777,31.688475804365982,192.97411797491415
2014-01-12,73.8625557100554,-7.8431012479636095,151.17736335334624
2014-01-13,53.94944580505755,-21.434030071777343,136.71778259083655
2014-01-14,55.145897380288346,-23.75369149923554,134.75013369564724
2014-01-15,78.69554941267883,-5.008657379696817,158.75378523406465
2014-01-16,73.13397038635908,-5.862769823200475,154.28088060216865
2014-01-18,143.99112903863937,62.26794103367003,226.28147598754734
2014-01-19,109.13036133858975,29.452015045792187,189.80815352549547
2014-01-20,91.8753279657122,14.668040780517114,172.21836528299187
2014-01-21,94.95066736178741,17.41874160775834,177.83223873631738
2014-01-22,119.55012425682658,39.511650229743445,202.43067531725472
2014-01-23,114.1774073798903,40.6693793768006,199.18551908913278
2014-01-24,131.04894012472667,53.80183709302038,210.80224844909893
2014-01-25,182.79621180116567,105.83696848200495,258.42118670493846
2014-01-26,145.539229374689,61.05379853538366,225.6671828729496
2014-01-27,125.08840316976547,44.69435150502824,206.7020757434634
2014-01-28,124.22933134059153,42.86307632683544,202.14423097611765
2014-01-29,144.23289401089215,62.485707049438965,225.47017838219432
2014-01-30,133.69441535614965,51.06967157776377,207.70074977314542
2014-01-31,144.93439678073395,70.36302040621653,224.15023222873748
2014-02-01,190.6985748084515,104.83304967845066,268.20105028650784
2014-02-02,147.22885587966874,65.92623115749998,225.4677518758699
2014-02-03,120.46251883461368,46.664011217461834,201.5745805236763
2014-02-04,113.31421090876866,36.76860609316814,191.91229941745783
2014-02-05,127.18321145558686,46.82346063322047,207.17824604974655
2014-02-06,110.789785799488,32.45459894929992,192.9648154159211
2014-02-07,116.5731958170637,37.36602851751554,194.74059016244698
2014-02-08,157.38918220545395,76.50364051870822,237.44805294988458
2014-02-09,109.57852836605375,30.789756327224854,192.70825694868358
2014-02-12,80.93327145298007,-0.8530820525309284,155.40974565378613
2014-02-13,63.32685786056106,-15.043713915213747,146.00750473154878
2014-02-14,68.76947464674282,-15.791552744468033,149.75662692110976
2014-02-15,110.11646184697841,27.941731554235638,191.38178444442698
2014-02-16,63.68976469015429,-8.17993512700788,145.8065023676916
2014-02-17,35.47556985720172,-46.96148873018401,118.28812724215697
2014-02-18,28.405435068689382,-51.36822907960038,109.34830230585379
2014-02-19,43.86340189928227,-30.62600770031745,122.75607498096542
2014-02-20,30.52291345480541,-46.95677829627772,110.76051749934174
2014-02-21,40.74608639661058,-41.50509208795898,120.4819192257772
2014-02-22,87.28311929114311,6.499742030041878,169.5271785355983
2014-02-23,46.34339921078518,-26.1843534507886,127.3317624156757
2014-02-24,23.795688437094686,-59.14590671913221,97.89761204547514
2014-02-25,22.451889736874932,-52.97344695964159,101.09615694881569
2014-02-26,43.576819411277526,-35.8798969602753,119.07174671459215
2014-02-27,35.727748963093404,-45.20053938122511,114.49575275883718
2014-02-28,51.15620540001227,-34.38221485720196,126.49894911558407
2014-03-01,102.5097554525136,27.523837596098257,183.7431327028744
2014-03-02,65.90528277949008,-12.365761900122056,148.34341608971434
2014-03-03,47.13109258010918,-39.877423893075935,128.67320401183122
2014-03-05,72.52190276469182,-10.571091592967132,148.15611533435148
2014-03-06,66.42125676489607,-14.110645114989454,142.10973330688864
2014-03-07,82.86245346273363,4.457287109558482,158.32783703575288
2014-03-08,134.4902888294255,55.67959330560683,217.13018381256217
2014-03-09,97.43534891000303,12.113570022583946,172.77531622238368
2014-03-10,77.51554980136676,0.147386282719167,151.80665370041518
2014-03-11,77.52060733052676,3.0866669234273028,163.36339564931458
2014-03-12,98.7218569054285,20.874109433847195,179.22673597920792
2014-03-13,89.71119092850245,8.345760610670023,171.20338993607763
2014-03-14,102.80162531540522,27.213512217616145,183.90609429100525
2014-03-16,109.71416494829727,30.546446272908987,183.37930007856679
2014-03-17,85.67966763709649,8.481945856890547,171.04938616059306
2014-03-18,81.51443678990393,-0.8147572502022513,160.89928636750494
2014-03-19,98.58997193479907,16.1497789624915,176.15801458883772
2014-03-20,85.59524008337496,8.105584316909377,161.9952250680759
2014-03-21,94.93505033799273,19.12934127240694,175.00170476000073
2014-03-22,139.42797297528432,59.44671772627568,224.35748967413997
2014-03-23,95.37540643504798,14.638358438110336,177.61484341618575
2014-03-24,68.75922756629647,-5.435278960767645,153.86343804315158
2014-03-25,62.5225877434941,-16.760329657602718,137.81449280214153
2014-03-26,78.07635724290408,-2.0448261227421027,160.94798103144788
2014-03-27,64.13505917580298,-16.141150439375952,147.80159430328405
2014-03-28,73.11486878645546,-11.132538181607206,158.19583021056286
2014-03-29,117.83149240294931,45.02815610246923,200.5320122827423
2014-03-30,74.56952558781022,-3.422225614972712,153.59055913088164
2014-03-31,49.2807140464594,-33.164374788371724,135.59030228679356
2014-04-01,44.86566113697918,-36.645432474249596,128.75027656300426
2014-04-02,62.68145861608002,-15.63787057857106,145.8580376057916
2014-04-03,51.37905022096256,-27.337772521062647,128.99898522950423
2014-04-04,63.30286697574413,-18.049917416989548,145.65529217894712
2014-04-05,111.19050734479545,30.122116676852873,189.4514045272035
2014-04-06,71.24401729971589,-8.416343960761992,143.2270381718043
2014-04-07,49.330147476238054,-27.39112706188746,128.18254779834666
2014-04-08,48.26408357122718,-37.35380522129406,126.19924483150746
2014-04-09,69.31907928165609,-6.330553660581938,149.70930813477636
2014-04-10,61.06575520788315,-19.023642269393584,146.40426294372986
2014-04-11,75.77355875414605,-10.369095428675497,151.6287233896247
2014-04-12,126.1121175977034,43.75003999007523,201.8540559348817
2014-04-13,88.22400544532103,6.125702343531373,167.7410982181717
2014-04-14,67.92626589244176,-8.686239692433881,146.6404525493533
2014-04-15,67.99516481144784,-10.80903554919,153.13351034668835
2014-04-16,89.676580997873,10.747059318690065,169.1556316043486
2014-04-17,81.52578542069624,-0.4632344673082065,160.27679231082567
2014-04-18,95.80909772779637,10.150719282702283,174.9378539553702
2014-04-19,145.20515291956266,61.484734712740504,224.0668380351183
2014-04-20,105.87730384108116,26.66913311203296,188.40001346823192
2014-04-21,83.67451855293382,8.65711085949285,165.47786165983365
2014-04-22,81.41526212869519,4.334408849329621,158.25253291309443
2014-04-23,100.39679705304177,21.094526279664905,178.2812235705536
2014-04-24,89.23368165271964,6.81094811569664,167.9223567040432
2014-04-25,100.25798821828724,22.822956916192446,184.32361358047936
2014-04-26,146.21900948178325,71.14522250690018,223.88707312157754
2014-04-27,103.35401765292339,22.49327697850064,177.41137712638906
2014-04-28,77.58747389366495,-4.171693842463713,155.79439363040194
2014-04-29,71.81321751577624,-9.141113427559334,151.62944640338236
2014-04-30,87.40210783337264,7.671574727302215,167.74224869724682
2014-05-01,73.03893531429311,-9.13181995291141,150.04822047506255
2014-05-02,81.12115840948223,1.7119733931896775,162.56703778532764
2014-05-03,124.45726652017218,46.02943876172427,199.26504121093
2014-05-04,79.33636054207054,3.830623229342776,153.40215465555758
2014-05-05,51.7263725660051,-27.37934836160016,129.07164435753873
2014-05-06,44.55547215304625,-32.73056826819285,115.9477852156722
2014-05-07,59.219145306170745,-18.91981868504754,140.860233834738
2014-05-08,44.41677052564518,-30.70664147539269,126.70373179736679
2014-05-09,52.55025060894913,-26.131793198020343,133.57534644293796
2014-05-10,96.42249755071082,15.996214814918991,179.7204814374313
2014-05-11,52.30735368604509,-29.047078018713066,131.42771423906115
2014-05-12,26.148357498184627,-55.821575978834574,103.08192467601258
2014-05-13,20.840883898277152,-60.140138788962815,103.91279051969539
2014-05-14,37.740123580440255,-42.56820185339243,116.33434866843956
2014-05-15,25.49870099612692,-52.03972348915309,104.08402512335431
2014-05-16,36.46646212617004,-41.60766578629381,114.476427634037
2014-05-17,83.3901999840874,8.878350091148706,163.01439952753665
2014-05-18,42.48487039265955,-32.086057731639016,131.70767436703875
2014-05-19,19.63367541124921,-62.63297529490291,104.5368037626924
2014-05-20,17.671513495976022,-61.88931253646233,96.68345298194232
2014-05-21,37.894231297810656,-35.51950436490939,119.26509031101905
2014-05-22,28.89744864780617,-52.096191987088346,109.89004848151319
2014-05-23,42.97746225705416,-34.250257449924696,117.87686727492559
2014-05-24,92.83197324191413,13.309166865456246,169.9545602754857
2014-05-25,54.632171585619425,-28.704856804684717,132.03248556339605
2014-05-26,34.223539145633936,-45.427349819866706,113.61754645527
2014-05-27,34.409858520603045,-44.44330000322816,117.08070466008465
2014-05-28,56.46285505356608,-29.200783914110136,131.50774974858678
2014-05-29,48.961240116365026,-33.00418061624962,137.36427537341453
2014-05-30,64.19166195355876,-11.060976982570018,145.6363946012125
2014-05-31,114.84931403397565,35.70145798681616,196.82262551982373
2014-06-01,77.10974260340372,-4.065989895552047,161.45282155195773
2014-06-02,56.829227176283084,-21.45594069928761,139.8625497865574
2014-06-03,56.82823647830773,-22.36210514858009,130.55391406708725
2014-06-04,78.40040497119146,-0.5247949067543186,162.9116419099156
2014-06-05,70.15081808937582,-11.780652765170156,142.74784440146257
2014-06-06,84.39613404019913,4.195098100043039,168.5010174886514
2014-06-07,133.8643147090636,51.749704018057685,207.7083293016127
2014-06-08,94.76553039902997,16.166634299244024,175.7687745673577
2014-06-09,72.99163504036821,0.10711850233312714,158.04717421326058
2014-06-10,71.39873659575271,-6.3438347107450435,156.0721806532008
2014-06-11,91.3153287947319,7.392804533177827,177.96665685326937
2014-06-12,81.37979163626927,6.552226853966961,162.60277280873171
2014-06-13,93.9398057107158,14.963325709124044,171.8496961175325
2014-06-14,141.7514676024358,65.7729409536676,220.96957194507397
2014-06-15,101.04968305488613,11.772016741489516,177.9960640851654
2014-06-16,77.74724350599638,-1.751241549183078,152.2998515470369
2014-06-17,74.71711656939976,-5.88566467113043,155.26155930816
2014-06-18,93.30042252648163,6.483509761128602,176.65878042832352
2014-06-19,82.1438875020689,5.776319648063591,162.93786949732979
2014-06-20,93.59934741828596,15.748681092275357,177.73129466887534
2014-06-21,140.42305099655562,59.41084120742711,213.22931994988932
2014-06-22,98.84634572262775,19.782147048277935,181.442197902817
2014-06-23,74.7751377231745,1.9183534062252159,151.78341282647636
2014-06-24,71.07264273143966,-7.44148853633781,147.27401276606528
2014-06-25,89.06788194443968,8.108187298603843,171.46757063681864
2014-06-26,77.39371353970961,0.33172491180683356,156.31182689137933
2014-06-27,88.38692442171019,8.380318149850565,174.0253514622345
2014-06-28,134.78814580118924,50.14228424225405,215.80769815390818
2014-06-29,92.8131431193381,5.163820043711386,168.0303212464998
2014-06-30,68.35285798604451,-12.880835003651816,147.06171047079337
2014-07-01,64.25670374333158,-9.864247905173048,145.41366877270957
2014-07-02,81.84155424179086,1.924532740555555,161.86723026962892
2014-07-03,69.73020405904859,-4.848060235732513,153.93672313162918
2014-07-04,80.25181416134356,-3.0956964257393964,158.60410744765434
2014-07-05,126.14209822629452,45.59463168047521,207.93829822912096
2014-07-06,83.61479412509699,6.85614724765039,160.3945349435351
2014-07-07,58.56179468241162,-23.837697336141833,140.05609373804307
2014-07-08,53.836438294728396,-21.388516048610715,136.528404147669
2014-07-09,70.76240046193223,-7.080774408595416,151.2083120097371
2014-07-10,57.97196834622328,-22.486976661444977,136.19391332914043
2014-07-11,67.80621852799567,-9.484542252595134,147.64217061065304
2014-07-12,113.01486143363834,32.912484098012534,190.84144835216134
2014-07-13,69.8273070452296,-10.730094614469682,146.56099895621497
2014-07-14,44.15233768320887,-35.98127574930413,118.22234225816332
2014-07-15,38.860922383395376,-40.17400367052047,118.70499899270007
2014-07-16,55.29452273802639,-23.644718172057495,128.8777203951166
2014-07-17,42.102896747085964,-44.29990819126949,122.50411227334922
2014-07-18,51.64372537867466,-31.097840830609478,129.66817174314207
2014-07-19,96.68194471700464,13.35630076565883,174.53175912386453
2014-07-20,53.46033112878509,-26.949148817130443,128.7058014603958
2014-07-21,27.898738184007524,-49.57053496139559,104.74339852844288
2014-07-22,22.87651056914638,-54.45759326452838,104.21518315525066
2014-07-23,39.740540113602265,-39.09584315068758,120.45749593311993
2014-07-24,27.142768922564244,-55.15110333653011,107.30698853068634
2014-07-25,37.43968089239631,-41.884806705211915,126.13252212513044
2014-07-26,83.39156390521548,0.9049099413665426,163.05481632831115
2014-07-27,41.23311337843551,-39.02757732286248,121.37780232761769
2014-07-28,16.87277588918446,-55.09053720467848,93.84932738476047
2014-07-29,13.17535585930598,-70.20955837832119,92.25883654002642
2014-07-30,31.470345984986636,-49.61994933880896,115.00073401833386
2014-07-31,20.389779900856013,-56.001500921416444,98.19350215516154
2014-08-01,32.268139944402684,-42.53760322646353,113.2504907089137
2014-08-02,79.84209221480391,2.782728052108689,165.84452807510587
2014-08-03,39.32160805020499,-37.62493139246758,122.52179657332749
2014-08-04,16.589857927048843,-58.75012698101554,94.04077176494967
2014-08-05,14.486387204862146,-66.13146916971881,96.45392348455839
2014-08-06,34.316020311576644,-39.214478493440694,118.05813830545574
2014-08-07,24.68727760140695,-53.39109962401647,103.1546081870932
2014-08-08,37.912823665245135,-41.10881572452796,116.48757010491514
2014-08-09,86.70970572328362,10.780669896348728,167.36721516002942
2014-08-10,47.27092851329961,-33.20945650972269,121.89056053150514
2014-08-11,25.46687399862293,-55.15231792753117,104.74640518778385
2014-08-12,24.12539595196184,-58.241387909542816,99.13595837333494
2014-08-13,44.544366209332,-40.57642368252142,127.26785718694626
2014-08-14,35.32911181889878,-42.04646561598031,115.46875866853684
2014-08-15,48.792926804675375,-24.99069618035518,129.19056904142198
2014-08-16,97.65728118873342,18.442108630608967,177.892359499998
2014-08-17,58.12327384703063,-31.127930779071825,140.13462407284882
2014-08-18,36.07170612019972,-45.647554506062974,115.26021333043015
2014-08-19,34.34628023333967,-49.78818215513107,111.17689768863296
2014-08-20,54.26236762937985,-30.204392182189427,130.95974344116487
2014-08-21,44.445133890868306,-33.3903818608362,126.9221330005414
2014-08-22,57.2295453847745,-31.361940286688263,136.08519155600808
2014-08-23,105.36002639974114,29.189107859948262,182.72706420955404
2014-08-24,65.06132689512341,-19.25246507361853,142.6783796766668
2014-08-26,39.75695450502316,-36.43402913072551,120.11133852266298
2014-08-27,58.955704636861434,-20.96196330519737,136.85572616584213
2014-08-28,48.47984935128653,-26.30485194616685,125.94528844802561
2014-08-29,60.68259070877998,-19.84845738490438,139.9339819826842
2014-08-30,108.3239121486028,26.05840865040918,186.52074591426413
2014-08-31,67.64104334948881,-12.733943224657867,143.61554464148705
2014-09-01,44.547606462248446,-41.94314925721866,123.30221610380478
2014-09-02,41.915972093853696,-35.87690983844335,123.85239606882932
2014-09-03,61.08529259358436,-24.223600638217444,144.44645195149323
2014-09-04,50.699019307142365,-26.02161192418991,130.5564782726423
2014-09-05,63.10444592634548,-10.489803758813723,140.01518805784076
2014-09-06,111.05206023125409,24.8538721044119,188.51188026039011
2014-09-07,70.76627401240589,-5.304314330298548,152.91580125261765
2014-09-08,48.14516937749267,-30.848217134626637,130.13537188755322
2014-09-09,46.042575443057984,-32.25136486497454,130.36078042103105
2014-09-10,65.77734518367366,-11.685084571151162,147.12013065912797
2014-09-11,55.97121393360962,-21.397172277275388,138.1322659405524
2014-09-12,68.94897358457457,-10.958393957975675,148.03327273707225
2014-09-13,117.43848757729114,35.090070774511396,203.38575533357394
2014-09-14,77.64209937919307,-3.8131197519036584,153.68837913450525
2014-09-15,55.436813539460225,-28.3949379672137,135.6868068010933
2014-09-16,53.657751460701306,-22.86453578820076,132.61311265913326
2014-09-17,73.60732099850806,-4.712641583861364,154.28203455860935
2014-09-18,63.89387656151858,-17.847087722425417,142.38257077317164
2014-09-19,76.83238104995083,-0.2539388190583738,159.5295740722839
2014-09-20,125.1448210853473,45.31536652373913,201.56564390621097
2014-09-21,85.03191522787621,9.63572295569071,161.51208493716192
2014-09-22,62.37348355101675,-17.920134529676716,139.99737605070862
2014-09-23,60.0119726120354,-20.020212902293988,136.84162369478506
2014-09-24,79.26156970397699,-1.1660180478824809,154.17824255847347
2014-09-25,68.7466809376748,-12.975507353361579,147.05332804630066
2014-09-26,80.80228558569114,2.157262941466976,167.59648251732602
2014-09-27,128.17392253056948,42.770558299218216,205.50622205064616
2014-09-28,87.08885615825642,7.915577165000088,164.97355831993036
2014-09-29,63.455800878184604,-15.91855020548767,142.0273357477227
2014-09-30,60.14771208774016,-18.944466349119825,142.07888364511172
2014-10-01,78.51009395925017,1.0661456428507579,159.88199237193967
2014-10-02,67.19861745366157,-6.3868034314673565,146.3933255107411
2014-10-03,78.57858181106181,-3.431229327026061,153.791186238919
2014-10-04,125.4239976640772,46.99439961625976,201.76851121882444
2014-10-05,84.00738318361866,3.540291304282588,166.24155376153482
2014-10-06,60.240072178103304,-22.13570855449396,141.98122317406293
2014-10-07,57.01277337287079,-20.537486102559686,140.142240279094
2014-10-08,75.68364610455193,-4.32762589914888,146.73602036696133
2014-10-09,64.91531116356629,-14.402436313820912,148.29620186560228
2014-10-10,77.07382869272988,-3.6531674405733665,156.7425802365294
2014-10-11,124.92743824750204,52.262281264406255,204.91363305845968
2014-10-12,84.71664561325179,6.968886928234156,162.84606107151518
2014-10-13,62.353069799113825,-15.046522554057354,138.60603358616737
2014-10-14,60.701588305825155,-17.288192897617208,136.45031985519603
2014-10-15,81.0882564793624,5.684323100783023,168.1232652937072
2014-10-16,72.1378141622347,-10.92416457810342,150.34685883917794
2014-10-17,86.17332640416835,11.486078391750423,163.86770772410696
2014-10-18,135.91574306552002,55.141511488088426,219.5445536992394
2014-10-19,97.5549474112488,20.562318521773907,179.82971401773347
2014-10-20,76.94968863432922,-0.6998828674460315,155.1665013442426
2014-10-21,76.91091426462573,-0.9309320285458569,155.9193019885357
2014-10-22,98.71095291146683,21.89999987727153,185.22016604297016
2014-10-23,90.92233249563365,11.730040411086431,169.9174416615388
2014-10-24,105.8187505804748,29.777345546883932,183.70464546185568
2014-10-25,156.07595007006626,80.55783133147543,236.72894646531165
2014-10-26,117.8440381175054,31.875425866006236,197.6147682937608
2014-10-27,96.9486110027631,16.127560778482515,177.0555801570673
2014-10-28,96.17516961880665,12.198149858036087,170.50472530028625
2014-10-29,116.77924634166797,31.9891291963823,201.5183992533606
2014-10-30,107.32600117845736,25.51650116399291,188.877225259081
2014-10-31,120.09177968171883,36.63362170624374,196.2082176213393
2014-11-01,167.82108732515383,89.9013994728569,248.20178514781637
2014-11-02,126.63189358458628,53.36598072149725,209.84719664877682
2014-11-03,102.3838348879778,20.307550553842763,183.05462935404194
2014-11-04,97.90657800196905,18.83382654183127,177.0482222527485
2014-11-05,114.50937324540187,33.984619406340094,195.68994272327072
2014-11-06,100.81983935384014,23.457114840941788,186.86685968818608
2014-11-07,109.18448391875786,22.328806873325483,186.35045698681213
2014-11-08,152.36870944245592,72.1366584655758,236.84902892745538
2014-11-09,106.62784942781519,25.711206618976956,186.63189542692592
2014-11-10,77.90661374006137,-0.5561675767564642,156.3773453416862
2014-11-11,69.12145415119961,-6.4194801129477135,148.9205968807291
2014-11-12,81.6683065317612,-3.976855572598218,157.11109622324886
2014-11-13,64.25951210234761,-11.256020536244083,145.71683676887025
2014-11-14,69.32246275356022,-10.530620496785474,148.0123459048592
2014-11-15,109.69776287753288,27.01416338402619,190.65165725659114
2014-11-16,61.70849488232328,-16.30120641251507,139.03844301270968
2014-11-17,31.35800973275981,-45.969334535921355,112.92020499204959
2014-11-18,21.610793875741454,-56.16513501124648,101.38905625080831
2014-11-19,33.89890682425822,-45.8544122709507,114.06879101623223
2014-11-20,16.957826029661152,-61.05893336640588,97.12538091064197
2014-11-21,23.2242737948093,-51.73702385423985,104.056846571685
2014-11-22,65.53384315333274,-9.861278426963402,144.4704680311038
2014-11-23,20.19002841059942,-57.70729640956924,97.81769672783554
2014-11-24,-6.837906294264112,-86.3048833548003,70.23178488299152
2014-11-25,-12.633663960337131,-90.5819814585069,65.22995750234153
2014-11-26,4.17323494572691,-81.13203245811243,81.0793083329012
2014-11-27,-7.755683952866442,-89.43381617830838,66.47428976294358
2014-11-28,3.988985083822678,-82.52488706439152,78.42579980657659
2014-11-29,52.09063370349403,-30.901310859048518,131.062908806241
2014-11-30,12.750576781151347,-67.98482786423332,89.65752557616294
2014-12-01,-8.16976559237282,-88.51800436023997,72.75236935159406
2014-12-02,-7.86543421636698,-90.07211869083234,74.56297661293341
2014-12-03,14.921503112434465,-69.36853698001167,96.3819008287281
2014-12-04,8.741163691161896,-69.92939300151596,86.62760230506768
2014-12-05,25.837347011332266,-56.93492424444596,106.75484382780635
2014-12-06,78.8490577351098,-3.202200596595578,153.69672004591814
2014-12-07,43.883577690914485,-27.453234331621545,121.22288656484092
2014-12-08,26.718432985812115,-58.67564850793421,100.20957886783196
2014-12-09,30.08672265540774,-50.489309188670575,109.21494904006917
2014-12-10,55.18821026016476,-26.56677600059756,134.47796998917553
2014-12-11,50.52991625598953,-29.569212143539534,138.0615413609661
2014-12-12,68.32868331347335,-7.104205627389801,145.6830181785533
2014-12-13,121.21342743289983,44.091833047284986,201.76602092049814
2014-12-14,85.29857733543044,4.055425401151172,161.78179370000305
2014-12-15,66.38603550156353,-9.133229684637378,144.85150236720906
2014-12-16,67.25012288116582,-10.799718526108583,149.31661771869196
2014-12-17,89.14791283425782,14.484895175470688,172.62020420764003
2014-12-18,80.65870482843684,6.507105759873387,158.40092308769343
2014-12-19,94.0851311358889,13.668353181532671,171.97224953761256
2014-12-20,142.15363841652248,61.725138552229545,217.24387830650878
2014-12-21,101.08588310720832,30.232149769223234,184.46363847299173
2014-12-22,76.79841706834131,-7.951347824037567,148.232878910806
2014-12-23,72.1851743036675,-8.430199419416775,155.65689809524628
2014-12-24,88.62521775495976,10.460664697517215,165.95893480051123
2014-12-25,74.85979057800945,-6.790110492236104,157.62498213002002
2014-12-26,83.27003936594397,-0.24877939231513002,162.44384457986408
2014-12-27,126.69558085494347,44.593622397763276,212.50987795822775
2014-12-28,81.4631406991762,1.5525958044292432,157.19016489586193
2014-12-29,53.583883100043884,-26.303479981163633,135.09143365871464
2014-12-30,46.033759348087116,-34.687851203655406,124.10155055792097
2014-12-31,60.25938395677822,-23.387911663085735,141.45987512562317
2015-01-01,45.013289775736794,-30.263957009339244,125.32704755384414
2015-01-02,52.751151581913376,-28.544310478843197,135.13690594987114
2015-01-03,96.32880944451064,16.340054773335954,175.54796329720017
2015-01-04,52.07071122191827,-29.123016888078396,131.27359506869536
2015-01-05,25.9672201948221,-52.000112230757935,106.25451618589396
2015-01-06,20.955355633107565,-65.95439083078678,111.29361919904053
2015-01-07,38.42546831160128,-41.91493272645432,119.47499569575476
2015-01-08,27.057686355726478,-51.88518634810072,103.91351421583195
2015-01-09,39.22069589575998,-46.96879124149084,115.84765642252846
2015-01-10,87.67065430489917,12.400841653841997,170.55371823310813
2015-01-11,48.62181410662024,-30.09228910905966,128.17105971389145
2015-01-12,27.946255429996913,-53.14519014008572,112.80713858155104
2015-01-13,28.457240925923386,-51.984186469924076,108.57995332202164
2015-01-14,51.41863672941569,-23.48113083730962,132.97205905428837
2015-01-15,45.384173207362245,-31.338669895368195,125.06523850634265
2015-01-16,62.5990465309803,-14.791920068947256,140.72980765981205
2015-01-17,115.70159507568053,38.311716250646185,195.92717535151692
2015-01-18,80.79656609125851,-2.9082597095577074,166.10211661608446
2015-01-19,63.657310474073164,-14.900220348351183,137.05003478339984
2015-01-20,67.01136349082073,-3.9373414605387627,140.11617303312815
2015-01-21,92.05182340327991,9.540821329633172,171.90055414065648
2015-01-22,87.27816175073366,9.017598146930936,167.58222770052313
2015-01-23,104.89912093564247,24.535357773128947,188.58182232828358
2015-01-24,157.5352133332564,80.0703018930508,242.4652159745437
2015-01-25,121.29241370938728,40.32534499869845,200.1161306743751
2015-01-26,101.96435379839562,26.665899977726134,183.36770429021246
2015-01-27,102.31747678677507,21.1310193744171,182.17196298920246
2015-01-28,123.60155416286077,47.53617327552538,208.04806348368277
2015-01-29,114.389313559924,34.041260053258675,190.43629263119703
2015-01-30,126.97767011624336,43.49449632287927,201.98015076674633
2015-01-31,174.08830365064745,93.69949878986127,245.2110301703338
2015-02-01,131.9391220163177,53.417820736715356,213.03540028648075
2015-02-02,106.44398943312403,20.71382580890315,186.95223148041333
2015-02-03,100.49523372060511,19.900802705017814,181.9017846911497
2015-02-04,115.47139511536558,38.66009782350185,194.2997179928708
2015-02-05,100.07402817641672,18.749080820026734,176.72908385499892
2015-02-06,106.72611336682947,28.15914356686038,186.69653475001903
2015-02-07,148.26988437319338,71.45226959161934,230.74763929376292
2015-02-08,101.03567351275564,19.467969459748964,179.83049829317738
2015-02-09,71.03921280570643,-8.85694636633506,152.85874134173437
2015-02-10,61.26195884772245,-18.022494876727077,139.18117127714982
2015-02-11,73.15695257040977,2.4712175424370404,154.79923011913755
2015-02-12,55.484066888590654,-21.31781080117481,136.05860197495542
2015-02-13,60.70723246726313,-18.691671246778583,143.57191399483997
2015-02-14,101.69147271414296,21.73768038828778,182.8717698827292
2015-02-15,54.771366249347096,-24.872850324056706,132.1198519197766
2015-02-16,25.94838085474071,-49.9805607993646,109.1609088786726
2015-02-17,18.17164388852568,-61.0460820854931,96.29592684512238
2015-02-18,32.84464761696306,-52.674083496291885,113.22132404734782
2015-02-19,18.661720779428208,-61.63646707402522,103.79027206171003
2015-02-20,28.00682627640655,-52.55705650524775,104.14463946878695
2015-02-21,73.65247801259787,0.07339558398450069,150.64863157165257
2015-02-22,31.830350155645146,-49.935571901328586,108.48055460133052
2015-02-23,8.430972046972224,-68.05421976864118,91.34259857231407
2015-02-24,6.287018404582582,-74.81779958045196,89.49858857924711
2015-02-25,26.68263470305706,-54.53947407521815,107.94264953128246
2015-02-26,18.19256854170438,-57.943243312453674,91.4330820759917
2015-02-27,33.083606039803605,-44.61937614465657,108.37721926760955
2015-02-28,84.01604634255028,2.206102680213913,162.00319835646312
2015-03-01,47.11672995268352,-33.33435599588197,124.96362903145895
2015-03-02,28.180960256940168,-50.83920585741734,113.70695168454407
2015-03-03,29.957778943297882,-47.66301199443404,107.36725727353085
2015-03-04,53.660992261967074,-23.13807985361522,132.24008965362262
2015-03-05,47.80968298199439,-36.22415350712181,129.313972064499
2015-03-06,64.6306788652087,-11.97895837705941,140.55961498514674
2015-03-07,116.76069085935505,37.338838195323916,201.99043322816055
2015-03-08,80.31962556905921,0.6169724617709395,160.65460219341318
2015-03-09,61.112409110183975,-19.132795197772914,143.4956433302827
2015-03-10,61.91378965414623,-21.14631575983169,139.78240834796566
2015-03-11,83.97853084422704,2.546732070558161,163.08656667043175
2015-03-12,75.88075434617076,-2.122162681825374,155.6904505852462
2015-03-13,89.91493331261645,6.876624853125018,165.22314246991863
2015-03-14,138.7962876652531,62.24558654503936,217.63155068355468
2015-03-15,98.73212923642774,17.803725453639725,180.91851449896004
2015-03-16,75.62154205886189,-0.5711817906595213,158.49344710915358
2015-03-17,72.33791689894042,-5.674633637717879,151.73808145377978
2015-03-18,90.23680604581698,9.736107386361748,163.53780787903867
2015-03-19,77.99291173963229,0.5969648653220792,161.21488019218063
2015-03-20,87.99876458432044,9.257956869344936,172.9227922999764
2015-03-21,133.06289590278408,53.92768785881141,212.61303187716894
2015-03-22,89.47910229790264,6.8554167070114485,169.11978734044243
2015-03-23,63.224233968857085,-16.72826895347188,140.8924612174752
2015-03-24,57.239067044353895,-20.29067377383955,142.18836218181823
2015-03-25,72.93476144180109,-7.316083423339753,153.14505813385958
2015-03-26,59.0287461502893,-22.160070397139076,137.55394061698263
2015-03-27,67.94260978861735,-9.917013841889311,145.29277815646049
2015-03-28,112.49981415788618,30.539111138890863,187.35914656072669
2015-03-29,68.99483495322457,-8.967056743725886,153.92857545269592
2015-03-30,43.391159181345685,-33.68671130888274,126.54710974059586
2015-03-31,38.60268980440662,-35.52451377010197,121.51550787161207
2015-04-01,56.001041963035064,-22.036291167088553,135.1507467403638
2015-04-02,44.25254863179985,-38.352833295052214,123.79438018581874
2015-04-03,55.71752327976095,-23.86628466010121,129.67656521806973
2015-04-04,103.1495615529441,25.148126244189555,189.76565963211877
2015-04-05,62.766445932203666,-21.199159071724935,139.65012132567858
2015-04-06,40.45003922058773,-44.04678990283846,121.53382152210646
2015-04-07,39.029671264950096,-41.20153080988482,126.40478805923978
2015-04-08,59.79145587549659,-18.335741770452753,139.00662285248285
2015-04-09,51.31730824721927,-29.648287971993284,131.22615582729463
2015-04-10,65.88616387908786,-15.509301561165943,143.90018182642612
2015-04-11,116.17513647861782,33.45949792434012,192.16821356181757
2015-04-12,78.33213734605519,-0.031144573460092417,155.85694425678474
2015-04-13,58.17730459271451,-24.813582164380797,139.12780261916754
2015-04-14,58.48771396471392,-22.746605922182304,137.81404435711377
2015-04-15,80.50778101103332,2.3558193178364286,166.72279906090702
2015-04-16,72.78910376664884,-9.85791203208849,159.0362546022739
2015-04-17,87.59223222030019,5.310426211663706,164.89233382737865
2015-04-18,137.5880939900352,57.3091506118551,209.45886696584492
2015-04-19,98.93059736079644,10.580577543858432,177.38441796680047
2015-04-20,77.45776536668717,-7.397091157305286,159.06608070137503
2015-04-21,75.97588434900615,2.4974502030491013,155.77524583535765
2015-04-22,95.76909446846929,13.252284946325355,175.2045192339351
2015-04-23,85.4381944959539,7.423370278753266,164.65076951187856
2015-04-24,97.30117515183211,16.16210491101861,178.80993230762533
2015-04-25,144.09324248398192,65.8611237821145,219.49678231022966
2015-04-26,102.03788774879399,23.54852381714916,186.88127724102134
2015-04-27,77.0463951319217,0.18957286282967162,163.2752080984803
2015-04-28,72.00030980958954,-7.278954397471712,150.33051488712331
2015-04-29,88.25933336620159,7.6309963105199206,163.36506645587664
2015-04-30,74.49845796179784,-3.3097437533688985,154.861631541567
2015-05-01,83.10689120508535,-0.3793021305914266,164.47272639291157
2015-05-02,126.88656868063336,49.08473741369129,209.9218307336148
2015-05-03,82.121843025101,0.13869581483206708,156.9220939307062
2015-05-04,54.77776960748298,-20.857045398520516,135.79810073632493
2015-05-05,47.781535718489565,-34.37064768957663,125.5072648635691
2015-05-06,62.52951990180756,-10.691158172137142,141.51653619740856
2015-05-07,47.723807290200256,-31.26079788857702,123.59980654509508
2015-05-08,55.77072201042342,-24.940430968566368,130.17350067857396
2015-05-09,99.47917725801283,18.36823993401181,178.4620332211717
2015-05-10,55.13043011142807,-20.95558583638721,135.4161897628588
2015-05-11,28.676654229829722,-47.296115525104916,106.6015564915893
2015-05-12,23.02286524479773,-53.56296490635824,109.86930249858725
2015-05-13,39.534668997799486,-41.44635651570671,115.542639417453
2015-05-14,26.875637874180907,-55.322290176485375,101.15593825037838
2015-05-15,37.40685222970422,-37.873889880502944,115.00339634331803
2015-05-16,83.8863806063332,5.11922376512587,157.42974380868594
2015-05-17,42.540256863174235,-36.141546210339804,123.92950994753451
2015-05-18,19.262336870038162,-60.13273628112437,101.54538152740179
2015-05-19,16.897538691535956,-56.28413141069191,94.39539286574116
2015-05-20,36.750905473966164,-44.02843561014282,118.18844439069811
2015-05-21,27.42626628508993,-50.81029234750299,102.67246932069067
2015-05-22,41.22700341693305,-37.73858669181689,118.91965961053207
2015-05-23,90.85667355422443,14.084068055817589,172.34598046349535
2015-05-24,52.49101736811075,-22.707203797373964,134.8782937762845
2015-05-25,31.978719856940533,-49.63488581500942,111.79427652020473
2015-05-26,32.12540864861134,-46.63386030839153,117.87223455609018
2015-05-27,54.20331669122571,-29.14259166829937,132.63993245315785
2015-05-28,46.790375907853985,-32.73279520741178,127.41449937808845
2015-05-29,62.17124586311432,-18.79994475494984,139.42744900953383
2015-05-30,113.0380245732355,29.736462615770435,187.9216893206611
2015-05-31,75.5621798377078,3.06633180720709,154.48242033604643
2015-06-01,55.595071100892255,-19.585965457474753,137.56845037665965
2015-06-02,55.95156032786919,-24.269721182781048,133.09361234955747
2015-06-03,77.91915279524117,-4.643522350660118,160.54188744817358
2015-06-04,70.0964516065003,-10.74228408491334,145.1956021119813
2015-06-05,84.79344948583211,11.1332586792796,164.55649298153114
2015-06-06,134.73142619591397,57.34711550047799,218.96361584319328
2015-06-07,96.11401238195654,16.56807756933151,175.4106016212667
2015-06-08,74.82681279575651,-4.3415966736302005,150.1647918907521
2015-06-09,73.7201103890917,-10.772725960111059,151.37749869391737
2015-06-10,94.11711460569869,16.32180794439704,172.8586654675709
2015-06-11,84.65155903531175,3.416728566580707,164.3924572652495
2015-06-12,97.66719175493039,13.773116624580355,182.14890680505076
2015-06-13,145.91694448187246,66.35167295536168,225.32558131826048
2015-06-14,105.63335667756088,20.905777141640495,182.72344603466476
2015-06-15,82.72766025911608,1.2174567232394042,158.12982873445424
2015-06-16,80.07205612089851,1.4381263864325666,161.80607712677696
2015-06-17,99.00765244009942,25.44954381253907,174.71883089314986
2015-06-18,88.18187339758985,9.2069963025929,165.82030251373146
2015-06-19,99.94788194313847,24.616816831245064,183.6331483256451
2015-06-20,147.06379994613823,65.86155865437746,229.8783270463711
2015-06-21,105.76329615799068,17.48559433300469,185.33937886976344
2015-06-22,81.95493922056457,4.469386043930124,162.98087889348076
2015-06-23,78.5048360777794,-0.19842984452279222,154.97794980903933
2015-06-24,96.74501283082223,16.541933951737143,183.12828134651514
2015-06-25,85.31133202681167,4.749242833932089,157.71763852387394
2015-06-26,96.54347407181515,18.38202200899918,172.37653567118656
2015-06-27,143.1847493112194,62.53027197135189,226.0096232202184
2015-06-28,101.45329399013023,18.953091317727356,176.38271989749157
2015-06-29,77.24203014048419,-0.6594424609104325,160.10813897479105
2015-06-30,73.40189303350292,-5.715631412777958,151.97413867450547
2015-07-01,91.25076738976705,12.01948625704485,170.81566682258918
2015-07-02,79.4119117526669,4.256684981997141,154.89498704731866
2015-07-03,90.21438573034307,14.03257433986163,166.09796145728893
2015-07-04,136.39323556156648,57.523894784273985,215.39007472260974
2015-07-05,94.16098227238852,10.113341986527734,172.46876557167332
2015-07-06,69.40778584761483,-8.452256785102005,149.73312992460066
2015-07-07,64.98478488366398,-9.05481602061595,141.2994873912661
2015-07-08,82.21305125519498,0.4763554417970288,163.27530399419757
2015-07-09,69.72194004642162,-5.68425872933882,151.85747547573035
2015-07-10,79.84935274555468,-0.295450902721605,157.87250236438186
2015-07-11,125.34167477005198,41.90195463689583,205.34542079002503
2015-07-12,82.4249393456594,2.6107980863801714,160.59172958709942
2015-07-13,57.0046008360142,-20.241679254004705,134.96383016902524
2015-07-14,51.948428300854815,-26.22192397316928,128.18783063038308
2015-07-15,68.59497146625304,-9.708839256069409,146.52184024404383
2015-07-16,55.5913930011679,-18.786815940865907,140.39301477416302
2015-07-17,65.29319938751058,-21.65887510471462,147.6910085483462
2015-07-18,110.46364601136868,33.186979284430485,191.95768745831725
2015-07-19,67.34438295792826,-14.476807083507525,147.4515800209133
2015-07-20,41.85473861234674,-38.184815989549236,119.86742575896302
2015-07-21,36.874165032362015,-44.49471327773383,113.24849778441384
2015-07-22,53.750309336712334,-26.820462721927495,129.09972555721126
2015-07-23,41.13651562971848,-39.546126190850394,112.09208732544467
2015-07-24,51.39129869260718,-28.44915924720725,132.78856973093696
2015-07-25,97.2775721103251,16.082391105943792,173.06714699995294
2015-07-26,55.033202293346896,-25.317296888238353,133.33564799564763
2015-07-27,30.57028828910194,-47.94212671319267,112.76918990637022
2015-07-28,26.757691903959362,-51.09855706202096,105.99679617063876
2015-07-29,44.92928066884278,-32.168949373891245,126.93203882235795
2015-07-30,33.72168431721316,-43.63504211555706,112.3768199947009
2015-07-31,45.47409991634753,-36.434879038560794,120.0467363698611
2015-08-01,92.92792045758318,16.82865080513587,176.15985047281697
2015-08-02,52.29774861973617,-26.418995711498056,134.10167051369535
2015-08-03,29.471184393876133,-51.14336745784106,105.30321856578058
2015-08-04,27.29189863757103,-55.34169902797443,110.4133301821602
2015-08-05,47.068441718596084,-30.65555359930263,123.77306675923211
2015-08-06,37.41257388508125,-44.48814298882957,113.78179504277169
2015-08-07,50.6396383398935,-27.865472720039463,124.30156590704733
2015-08-08,99.46873757859464,21.82024585505981,181.16497404822246
2015-08-09,60.09426101899555,-16.090176403164545,143.32460740757665
2015-08-10,38.38613965191376,-42.514776974301434,120.18564276647761
2015-08-11,37.17332791732381,-42.74723789738272,124.76696417485225
2015-08-12,57.7529514993052,-19.071872119525427,137.8169126058197
2015-08-13,48.7288988538324,-31.823078504826764,126.73616890853619
2015-08-14,62.412370511423475,-19.93878016440953,140.0228781988179
2015-08-15,111.5221418280519,28.842560582912206,190.62260824601364
2015-08-16,72.25608452690282,-2.8322579028259622,152.24308958449666
2015-08-17,50.49132233987605,-30.38264333797759,124.68105631733957
2015-08-18,49.067522841213915,-32.64096796388803,127.5220526047817
2015-08-19,69.29576831907166,-12.533303856465873,147.3635642091464
2015-08-20,59.79678985023526,-20.59439779799687,140.07074472957876
2015-08-21,72.90108701442179,-7.311808712184039,150.98411646054595
2015-08-22,121.34869919399408,38.14422847309018,197.8470384982491
2015-08-23,81.36018569558618,-0.07718277238992886,157.15935982801128
2015-08-24,58.836203262212315,-19.847401057444515,136.81190836008938
2015-08-25,56.64019736944944,-25.353582994576694,137.41505058643736
2015-08-26,76.10666514739017,-2.583162646417584,154.66087019217105
2015-08-27,65.87878946097018,-15.466500956569375,150.24630199624434
2015-08-28,78.3079818801771,1.244342785683291,162.01304139829307
2015-08-29,126.15311539783629,49.13359137510958,202.11463167053518
2015-08-30,85.65101824685873,8.151030451751582,161.26742690235025
2015-08-31,62.715630352229695,-14.115011725170168,142.7390982624054
2015-09-01,60.220350293324614,-23.952522450995918,138.50303509965045
2015-09-02,79.50604031545558,-2.579465086848388,160.0304709530181
2015-09-03,69.21849653010041,-9.905006042411005,146.34083011692329
2015-09-04,81.70792739920125,2.9308856563984165,162.0996299987278
2015-09-05,129.72822423409772,47.243480531702474,203.87250019758176
2015-09-06,89.50759538522527,10.68251986682337,166.7661290485781
2015-09-07,66.9479633513126,-14.627665889415635,150.70203268696767
2015-09-08,64.90764777556993,-11.788019082658927,145.51167643862271
2015-09-09,84.70979441880353,4.074283667018201,163.53647318996295
2015-09-10,74.98034741195403,-2.0183184153837024,160.13416935652305
2015-09-11,88.04809584905747,3.053505879933245,170.30872347005672
2015-09-12,136.64456449013778,48.57131254238846,214.9659856925174
2015-09-13,96.97530466347584,17.292231450655773,171.78860347082426
2015-09-14,74.91996775568833,-7.21691446129212,163.69193190739563
2015-09-15,73.31566655316806,3.4724940188590514,155.67348294668906
2015-09-16,93.46606639196835,20.585596589154274,175.72952446870846
2015-09-17,83.97998530273847,1.0267735488092693,162.66533192835075
2015-09-18,97.17201657655697,15.489334189074368,177.0775322433986
2015-09-19,145.76292681969193,61.905422352111536,220.53475534682738
2015-09-20,105.95137026992577,29.375469918159663,189.89052676352063
2015-09-21,83.61428824613004,5.269947498255817,165.7617977332628
2015-09-22,81.5904876953028,0.9518356097951979,157.33864911007362
2015-09-23,101.18983196303975,20.011251413433843,184.39064066646216
2015-09-24,91.0318170570609,15.588558420045178,170.0336385122024
2015-09-25,103.44604388538394,27.667583178553542,182.70326692989443
2015-09-26,151.1723398293641,69.40027694686276,229.96266796853195
2015-09-27,110.43207398421363,35.664861196397055,190.6623622105519
2015-09-28,87.12804178253157,10.178568884294744,162.83859299349928
2015-09-29,84.12742297527228,0.24027904532565256,163.86914158283147
2015-09-30,102.77025920358231,24.286476885955548,182.12596821791092
2015-10-01,91.707240224103,14.039609110616441,174.96849852988362
2015-10-02,103.2993275983946,23.83184212212102,179.25500752919746
2015-10-03,150.31698956617723,71.98986325735376,235.01389485136932
2015-10-04,109.01061341872774,26.71002945955646,185.33264342921655
2015-10-05,85.30949417082309,9.00054519511262,165.74781141949376
2015-10-06,82.10392714653914,-2.389228615256048,159.4974641418641
2015-10-07,100.75287432516765,23.57550650832561,179.1376612866381
2015-10-08,89.92101650752113,6.3831786838935205,170.4739552632743
2015-10-09,101.97774189339559,27.981373227426975,188.8328787815152
2015-10-10,149.6958647715258,73.78483679291556,227.34324244294493
2015-10-11,109.32165827017639,29.089642541626496,187.46164566672508
2015-10-12,86.77361473189806,6.258944093004215,170.1098363226757
2015-10-13,84.92447277218426,6.7371053378703785,163.9119690368275
2015-10-14,105.10898860885393,19.139181224109183,183.00551811216036
2015-10-15,95.96126744943275,19.674444958336654,177.81829709396987
2015-10-16,109.81420502716702,30.88263137025388,192.88409035838893
2015-10-17,159.3988281485207,79.77677108256287,244.84126736514364
2015-10-18,120.91510900156123,43.780249791209584,197.0320483845714
2015-10-19,100.23165332759172,19.123373134236623,178.24327853786951
2015-10-20,100.16878401430066,18.241626137330506,180.13131960876188
2015-10-21,122.00747642223746,37.68844208488472,200.05330861550596
2015-10-22,114.32793663382768,37.905827951580456,197.74683233543576
2015-10-23,129.4103452787386,49.851644677430244,210.98614806621492
2015-10-24,179.93552610754705,99.97447497595905,264.05077452088534
2015-10-25,142.05708278454838,64.27351878614542,223.47868152858612
2015-10-26,121.60237185609054,45.371558090694634,192.0569038335334
2015-10-27,121.35680116770662,37.61361463268809,197.5435424823618
2015-10-28,142.5738784470558,59.24696489082904,218.00139474388135
2015-10-29,133.81477108143758,55.27417732394915,216.53555016433947
2015-10-30,147.34987180762025,64.88764676064254,230.26800620656863
2015-10-31,195.860104515455,115.14714815621673,272.13555241101767
2015-11-01,155.50949231312273,76.12647411561207,230.50226663707946
2015-11-02,132.14633875346013,49.18694527799804,216.54227178817183
2015-11-03,128.58749923422363,44.76365247266882,199.801987598156
2015-11-04,146.12816025420642,62.06741274924503,224.0765933397701
2015-11-05,133.38088605299035,56.035135293102385,213.8158070895508
2015-11-06,142.67643157610334,65.06032964025765,222.84828617856687
2015-11-07,186.7640659675861,107.94112541572083,268.36956226078314
2015-11-08,141.88294442754722,66.42929239481772,219.16985783401572
2015-11-09,113.96190049759181,29.564438580415654,198.61354618088345
2015-11-10,105.90216205089386,24.249864541385254,184.29579642815446
2015-11-11,119.08543955435772,39.25091655993659,202.3557402955501
2015-11-12,102.21118100990631,17.828708304879147,185.2584949761272
2015-11-13,107.69553067590087,27.81244868923022,191.32563037396022
2015-11-14,148.3697763682075,70.88039660362992,225.18801581780681
2015-11-15,100.54986538320945,16.589373366673666,178.09723108434991
2015-11-16,70.23440378277995,-14.287709435514502,145.27448172340698
2015-11-17,60.38568475790119,-24.006613473783627,135.8596625397258
2015-11-18,72.43623555762137,-10.204083908916552,148.76356639273166
2015-11-19,55.12471595626715,-22.893089011268803,136.41232259869196
2015-11-20,60.89374055965093,-18.73921697157647,140.66152699482672
2015-11-21,102.58744070172993,16.439910942898692,177.49649206780862
2015-11-22,56.520371798577386,-20.662198336341685,138.8559382208309
2015-11-23,28.675201048368237,-47.52595497267978,113.6934105590485
2015-11-24,21.98373480755418,-56.66186873468057,101.23860893902798
2015-11-25,37.83378201516027,-43.68432454330564,116.6833731691465
2015-11-26,24.90568634527697,-51.282779030098276,107.77162711918551
2015-11-27,35.57109182569511,-48.548779817585284,116.72815525649668
2015-11-28,82.59174287123024,4.618698635200226,162.82048440113394
2015-11-29,42.18990275514997,-35.9552931389971,120.69923104770304
2015-11-30,20.247796906402915,-63.99006028187413,98.84580228928343
2015-12-01,19.590605731032877,-59.00181682805961,100.36915521740342
2015-12-02,41.495463271870065,-41.128195810154935,120.79197097794297
2015-12-03,34.53024972861588,-44.64743771558993,114.28580150157978
2015-12-04,50.954694276031546,-27.449894523704856,130.69529641715798
2015-12-05,103.42153824476001,22.392301376255936,180.81130284932445
2015-12-06,68.04929036049931,-7.115187202568999,154.20309846808684
2015-12-07,50.62392783757846,-30.348765991690776,125.27934697181388
2015-12-08,53.884016398255085,-25.011905776737276,131.17681371866635
2015-12-09,79.03165606616206,2.36191791619724,159.78655810071305
2015-12-10,74.5729946402123,-5.4334201827178275,151.80372918920395
2015-12-11,92.72078363538907,8.942638929778736,168.38562047601397
2015-12-12,146.09669059721472,64.84722079512291,223.78482960396215
2015-12-13,110.80486973443504,34.01131511388851,178.70106255950867
2015-12-14,92.63412210593498,13.188213437015591,170.59131437918046
2015-12-15,94.34310367613287,19.45041639743291,171.71086552400735
2015-12-16,117.17098158141934,36.857263540208194,199.00938072579456
2015-12-17,109.67728251872563,28.29063148950304,192.4304913936623
2015-12-18,124.1434186151566,48.20712617980589,204.926421112172
2015-12-19,173.27362368734003,93.12975879753297,244.11752212290276
2015-12-20,133.26682893075662,57.11660581783922,212.77396885193377
2015-12-21,110.01684392894026,28.328306057194695,189.98046735206657
2015-12-22,106.39534279578987,27.36257206384577,181.49718640091103
2015-12-23,123.76010325253267,43.40545266508746,200.94643319881058
2015-12-24,110.79229494014683,31.384572788210033,190.81931016201383
2015-12-25,119.8953584787593,41.355029158326566,202.41208041684519
2015-12-26,163.8932668523696,78.87707821900976,243.4985905577271
2015-12-27,119.09975800169967,46.07814060480731,200.2628920255368
2015-12-28,91.51596416679087,12.310981411756178,168.79759884027234
2015-12-29,84.11099587321908,9.67257920174949,167.19954972421223
2015-12-30,98.3279835163801,24.429818463939647,172.23292430333854
2015-12-31,82.91942376917865,3.600916973697188,160.20190937407799
2016-01-01,90.34441781769132,14.741454154061756,171.35182772574427
2016-01-02,133.46563195832562,51.93648360927129,208.63559610987264
2016-01-03,88.61760092163347,7.043523013329027,172.5069765272377
2016-01-04,61.80382268050013,-17.006710873429295,143.51267150903197
2016-01-05,55.97721699992425,-22.380417632320395,134.98911469966433
2016-01-06,72.54645579758431,-8.791712305715054,151.38068167695496
2016-01-07,60.2120082332697,-17.916768738962634,134.6304742379737
2016-01-08,71.36447384095254,-7.99056532980258,146.28013574234706
2016-01-09,118.78301142678936,41.53070732149966,200.98002403710703
2016-01-10,78.70545264544086,-1.4869552580847327,159.6437078587973
2016-01-11,57.02750959514869,-25.316003861368838,137.71484324555
2016-01-12,56.585602183344854,-26.356529611857624,128.599554096682
2016-01-13,78.66576077731115,6.13407980860734,157.71532983964406
2016-01-14,71.8423896431866,-6.466493202686155,150.79608624499812
2016-01-15,88.37940351687166,13.063286250070002,166.36875328218002
2016-01-16,140.93148190914022,60.18509333243857,221.83719735503968
2016-01-17,105.6169662231198,29.5299923719418,187.03214367108507
2016-01-18,88.21974596787669,10.003886142055961,166.0909389673565
2016-01-19,91.4745989870215,4.737506300365564,170.36945848644012
2016-01-20,116.57838403234369,40.23037054971145,203.90669850280787
2016-01-21,112.0308189714938,33.07430549719123,192.56838981716584
2016-01-22,130.03731096110954,47.967300610334114,211.87206577278826
2016-01-23,183.2115444395042,106.26340392934047,264.36165516319613
2016-01-24,147.64932145709614,68.99857506211853,223.0275915223102
2016-01-25,129.13097896286655,55.68181332602986,210.9212175212476
2016-01-26,130.40683571577958,52.60968683772558,209.37238362919288
2016-01-27,152.7080646041873,75.92044901397117,235.48812344330355
2016-01-28,144.5867308847583,63.82296740068426,221.0559735086176
2016-01-29,158.31747950081962,69.23643983742346,235.1647429742165
2016-01-30,206.59860337918172,130.2835935405932,289.21343073736375
2016-01-31,165.62402188440342,83.45830007309594,243.580002914296
2016-02-01,141.28353651035548,67.04637601140443,220.26272599148712
2016-02-02,136.44586576443666,59.18146178605555,213.7757246570698
2016-02-03,152.46690997530587,74.38089047657319,232.23588903011904
2016-02-04,138.02704587953968,59.714121235398956,217.43900753280317
2016-02-05,145.52999649385637,67.61449365308908,228.1187629764948
2016-02-06,187.80107207939764,113.31368561821354,272.5738504312314
2016-02-07,141.15637535121286,60.399230039381266,223.86960080058228
2016-02-08,111.60040058898457,35.42495744430324,192.63171484560345
2016-02-09,102.10658830512182,23.880481868804996,178.45253039879609
2016-02-10,114.12334168250192,36.52811829070885,190.2139042051284
2016-02-11,96.40935460111453,19.756925952497337,175.159703182341
2016-02-12,101.43084007727239,20.34528996322623,182.1758253281294
2016-02-13,142.0584906070975,63.61579781526626,221.1092830117081
2016-02-14,94.6357908226243,21.9790158984871,171.57189927539451
2016-02-15,65.17613034139188,-17.013181066174955,142.2124944763242
2016-02-16,56.64328727946138,-27.723510938764356,133.50528639884578
2016-02-17,70.45778787876466,-11.313971869509546,154.05929454119124
2016-02-18,55.332981796439555,-23.69771476818732,131.79779254844814
2016-02-19,63.673402384178594,-16.462259595247467,142.72477253024576
2016-02-20,108.27321523449541,24.4544588266953,184.08955943630917
2016-02-21,65.3863391717291,-18.55779213951674,139.73942481492855
2016-02-22,40.925644208887284,-35.77292445432638,118.50655741504296
2016-02-23,37.74574751114828,-33.23685528750573,113.19641551836148
2016-02-24,57.151858497605545,-19.942614950370267,135.17938911341696
2016-02-25,47.738454722817636,-28.205886805301343,126.62219031862926
2016-02-26,61.790297744874294,-21.629777684429797,144.6791320819892
2016-02-27,111.98353133203035,28.79703891660388,198.07023864268143
2016-02-28,74.45838588853985,-1.3375824939190335,150.12309266989607
2016-02-29,55.020835347478,-21.560029688183075,131.00120922137557
2016-03-01,56.42767266477121,-26.19145654284257,134.9853418582794
2016-03-02,79.89740476250576,5.5007563028108635,157.73041769940298
2016-03-03,73.9507040337747,-11.148881809849561,152.69064862878426
2016-03-04,90.81288783122119,9.122756620668527,162.0787621457346
2016-03-05,143.1161380776841,61.520203574011816,217.60246336997918
2016-03-06,106.97296286876698,26.101587450018965,187.0074968092027
2016-03-07,88.17823295198318,16.513803856571876,171.43630205160503
2016-03-08,89.4942547261454,11.71423668617735,171.15347616592032
2016-03-09,112.16128501535624,33.284236313815214,192.8865292598528
2016-03-10,104.73723783689361,26.935870560000296,183.0595760740691
2016-03-11,119.49907600389815,41.241702841412305,195.91017797730598
2016-03-12,169.14362884230323,91.80329779680618,246.7935612718415
2016-03-13,129.85937398759788,52.36976544805407,208.91664020986317
2016-03-14,107.5265582871711,25.45214561319634,182.91587723880815
2016-03-15,105.00016657268051,25.015126383759306,183.8831765525153
2016-03-16,123.61819450935711,45.25608913879298,203.20664130568264
2016-03-17,112.0390292768595,33.358766564062606,197.28680115749628
2016-03-18,122.64048576712787,40.551718415687134,200.67256060157416
2016-03-19,168.21829441984556,90.76245088063071,249.33181750925812
2016-03-20,125.05563222442592,42.072469493170914,209.75951520238803
2016-03-21,99.12112294337035,18.967760548971075,180.38864627089796
2016-03-22,93.34986267130472,13.200640176771298,171.6185280003484
2016-03-23,109.14996951310621,33.0028645312291,185.69746331353844
2016-03-24,95.238498035145,16.08014049764928,174.54476764624158
2016-03-25,104.03929657008567,23.806407421793605,181.6178056499265
2016-03-26,148.3806267841132,71.2170174634617,228.20060520885588
2016-03-27,104.56415275042261,18.18082045183976,190.0694513909685
2016-03-28,78.56273346492053,-2.7741853309876556,156.68326274780935
2016-03-29,73.3015748845727,-5.834035132258643,152.10597923318127
2016-03-30,90.16523243978318,10.57272972730003,166.84138382254343
2016-03-31,77.8342893314335,4.2758020147981,159.5948698032555
2016-04-01,88.68426631431737,12.177586801072808,170.45140248110198
2016-04-02,135.48455358431164,59.010622806619764,215.8444276115942
2016-04-03,94.4689375844717,13.668663451102567,177.02547766828607
2016-04-04,71.53511749305758,-3.5329583393293427,153.47538118836363
2016-04-05,69.5277245460965,-5.550103137157454,146.57230201455548
2016-04-06,89.74728953968534,11.766579377457573,166.39814026498482
2016-04-07,80.78893663876386,-4.74832217764076,163.6012609454585
2016-04-08,94.94331158302887,13.026490964779123,170.70280538427426
2016-04-09,144.8974879814022,61.91046830347211,223.91075840751526
2016-04-10,106.80737937416365,25.25508148264798,184.56035123657227
2016-04-11,86.49900950095625,3.7983655970026153,166.84209755374323
2016-04-12,86.75311537593934,6.592921884540948,168.82634669856355
2016-04-13,108.81549456597757,28.75300029477027,187.96549661364435
2016-04-14,101.23684618887944,21.619456034534398,177.08073373411165
2016-04-15,116.27459101408084,36.8767727068871,197.99335896868985
2016-04-16,166.59439800424582,85.4229074586499,248.00401123980575
2016-04-17,128.34293522901424,42.74016352157365,207.36355656629334
2016-04-18,107.34919457837876,29.492082519516366,190.49290413199566
2016-04-19,106.40886853826873,23.902192703754814,187.3565009627164
2016-04-20,126.79420055842033,46.94573023933153,204.2710772019844
2016-04-21,117.0930747730684,41.72824209174596,197.85250703345608
2016-04-22,129.60985231982215,48.38609033308469,200.91033926281364
2016-04-23,177.0657084498167,97.07411037979335,256.02699865283586
2016-04-24,135.67001948839544,50.13056337631913,216.40750162824872
2016-04-25,111.32018365241959,30.196962722527868,192.33800971572313
2016-04-26,106.88439114162907,31.93997168902239,184.5031895894275
2016-04-27,123.70980383936403,42.11578465096224,206.0636602839284
2016-04-28,110.45994989094747,26.496164149060217,185.484456881154
2016-04-29,119.51387967952884,37.654327488603556,198.15168787973226
2016-04-30,163.66487550513014,79.41897212891386,243.64950183500423
2016-05-01,119.19030012001963,44.37852145914021,200.62387057106173
2016-05-02,92.05000138029042,11.360625285603295,173.81336314429785
2016-05-03,85.16781814110513,11.11688149280712,164.96676673549737
2016-05-04,99.9386732598312,18.89901340031471,176.4866283965822
2016-05-05,85.06507982920004,8.19462194954673,165.56342851560524
2016-05-06,92.95562294233781,15.22528731587407,169.7342035355784
2016-05-07,136.4232197575706,55.94286457610508,217.63438878180116
2016-05-08,91.75474802513229,12.346791935382539,164.96411903038543
2016-05-09,64.9094599096245,-11.576488822926606,149.80002770565162
2016-05-10,58.80072050060346,-25.182281767817624,137.13234823380583
2016-05-11,74.8035461032214,-10.018045109167383,155.44347939235962
2016-05-12,61.591752985479026,-20.016922554671652,143.2533106276158
2016-05-13,71.53725925068436,-7.5177497118386505,148.0494061938418
2016-05-14,117.40931933980895,38.200952058640794,194.4124263811128
2016-05-15,75.44525507728832,-2.189616709038568,160.4631950641694
2016-05-16,51.55007155052434,-25.254285408014415,132.72506804626536
2016-05-17,48.57946710912502,-34.978806777683076,123.47172928174669
2016-05-18,67.84868165950239,-9.341440845240147,144.98636529931727
2016-05-19,57.9709629561664,-23.42224113519196,133.91178445379282
2016-05-20,71.25816325554658,-2.306175233104093,149.99546201533815
2016-05-21,120.42121691479582,40.293121567655085,195.07935123848532
2016-05-22,81.64203594389873,0.662276086421272,156.249861056688
2016-05-23,60.77418751184263,-23.70742314791739,136.18338389528896
2016-05-24,60.62684150950891,-13.996155036206984,144.51500304514732
2016-05-25,82.47441470204521,2.1593790868191505,162.33076340192787
2016-05-26,74.89567737776954,-3.0735276034667205,150.86993869739618
2016-05-27,90.17482514853008,13.481895622733045,179.25396942910788
2016-05-28,141.00226096189957,58.26705776131227,224.15005842083633
2016-05-29,103.54662302585591,24.88796613769196,185.62353438196197
2016-05-30,83.65542545355515,10.675090641164688,164.62888366778512
2016-05-31,84.13880647965368,5.639562143603257,161.6912274975716
2016-06-01,106.27882118395789,23.942052731024663,189.09943130677757
2016-06-02,98.66805834259887,22.97216756638275,183.14137382360587
2016-06-03,113.61010065077916,29.691092393974763,191.75570103877513
2016-06-04,163.81959236041365,84.83776424729632,238.96940484388227
2016-06-05,125.49347088498564,53.526115640607266,205.96754850980795
2016-06-06,104.51075133475351,18.954404436166875,181.61568195968587
2016-06-07,103.7153817186243,23.162900833972206,185.38403133676977
2016-06-08,124.42462878786681,44.171179683271525,207.2912102744335
2016-06-09,115.26679676549459,37.428209632199916,196.6195548808205
2016-06-10,128.5808198737131,46.617620583440115,214.3300989032263
2016-06-11,177.1155129196706,100.69623975522052,263.1965750812675
2016-06-12,137.10005479084586,58.16328653996187,222.4856850103322
2016-06-13,114.44310982699773,33.99493653960135,190.7459394920134
2016-06-14,112.01511817103062,32.97459144023053,193.44670331760932
2016-06-15,131.15622556099376,52.56224291658738,215.31206441936854
2016-06-16,120.51366222586931,41.24073527996101,198.71955645882358
2016-06-17,132.44111606619393,56.69433914157378,212.28707554461386
2016-06-18,179.69788546639762,94.60948855119894,264.65417292807365
2016-06-19,138.5193845693096,54.995078480669896,207.00431622918248
2016-06-20,114.81640097884465,33.659729437395086,193.4512057828622
2016-06-21,111.45762922679256,33.314800223648696,191.51567631656735
2016-06-22,129.77794019247864,52.89472880038978,202.00596396497832
2016-06-23,118.41618369728695,33.89374195660233,199.32421748652288
2016-06-24,129.71505519826897,52.02244372928068,210.17506508841998
2016-06-25,176.42079627770707,99.658933872702,258.07627649912627
2016-06-26,134.75428513195573,56.93592924133162,214.20954246931268
2016-06-27,110.61089987477632,34.07416727439407,190.5906262107008
2016-06-28,106.84366075565384,25.751919608916026,180.74251680896097
2016-06-29,124.77209460626322,40.66846629896462,200.92163502828612
2016-06-30,113.02060263411398,30.07957789533328,190.2410380326658
2016-07-01,123.91884755423821,44.60710496475102,211.31175156333833
2016-07-02,170.2019163391102,88.01911773795156,249.46391378364154
2016-07-03,128.08180320538423,46.922528517249106,205.64670646854245
2016-07-04,103.4475861496027,21.439203646058676,183.4026498059932
2016-07-05,99.1487959175472,21.115393543096925,176.29876301623173
2016-07-06,116.50441592630833,40.77135006357042,196.97047817647612
2016-07-07,104.14129196793829,25.08143654785927,183.39523032519313
2016-07-08,114.39446790979048,39.86617661374704,192.9613945758747
2016-07-09,160.00720635887907,76.95555364382261,244.42130083605684
2016-07-10,117.20224396047675,37.103030268135335,192.63711314853302
2016-07-11,91.88166187852045,14.363188657291653,168.61575590150684
2016-07-12,86.90987956302034,9.400471981049456,169.3103311296167
2016-07-13,103.62222125111671,19.181546301174443,181.40711671421587
2016-07-14,90.66284637893249,9.621536514087051,169.9583100139112
2016-07-15,100.38457354520853,21.742001454557734,171.89024228412688
2016-07-16,145.54837115943218,62.34051819575568,221.815544955471
2016-07-17,102.39407896662271,21.7690920360851,182.90879402102905
2016-07-18,76.83975552016449,-5.552605973069129,158.78371000145643
2016-07-19,71.76417385688177,-8.02178902458124,150.3260127566919
2016-07-20,88.514928247461,9.549121125502054,164.48308133631465
2016-07-21,75.7459555681863,-3.543394688235258,152.68036289322092
2016-07-22,85.81701194692675,5.915860754972086,169.43244451686044
2016-07-23,131.49288720165902,49.08056481328717,210.35366668258905
2016-07-24,89.01392879763732,13.04431044226108,165.9870466115456
2016-07-25,64.29527590087567,-20.513548396302312,139.93171384013257
2016-07-26,60.20932912800569,-15.669390394462717,138.50373437826462
2016-07-27,78.09391998227002,-1.399661650325001,164.37722143481997
2016-07-28,66.58998238385371,-10.998114539485666,147.49561706542048
2016-07-29,78.04126359043127,-1.4217733718952048,157.41056741955433
2016-07-30,125.19385153845218,46.869824265026764,205.13291344694136
